{"cameraMode":{"drawMode":0,"name":"Shaded","section":"Shading Mode"},"sceneLighting":true,"audioPlay":false,"sceneViewState":{"showFog":true,"showMaterialUpdate":true,"showSkybox":true,"showFlares":true,"showImageEffects":true,"showParticleSystems":true},"in2DMode":false,"pivot":{"x":10.503983497619629,"y":12.399868965148926,"z":55.19034957885742},"rotation":{"x":0.1281912922859192,"y":-0.630179762840271,"z":0.1064395159482956,"w":0.7583902478218079},"size":17.538249969482423,"orthographic":false}